date,channel,campaign,spend_inr,impressions,clicks,installs,trials,renewals,annual_renewals,revenue_inr,refunds_inr
2026-05-01,josh,jo_interest_learners,43337.38,784700,25855,2734,257,54,8,23960.0,482.39
2026-05-02,josh,jo_interest_learners,54514.5,931744,27468,3020,235,65,10,29155.0,838.62
2026-05-03,josh,jo_interest_learners,56699.96,910506,30350,3375,353,53,9,25153.0,859.15
2026-05-04,josh,jo_interest_learners,40606.97,694542,19124,2129,187,73,16,38551.0,514.14
2026-05-05,josh,jo_interest_learners,65515.68,1159760,36301,3628,325,36,2,12114.0,480.55
2026-05-06,josh,jo_interest_learners,33528.53,643085,18895,1914,184,86,17,43032.0,1609.13
2026-05-07,josh,jo_interest_learners,59361.62,992133,33309,3547,272,48,9,23746.0,887.25
2026-05-08,josh,jo_interest_learners,57726.37,1151065,40297,4307,435,71,7,27299.0,534.66
2026-05-09,josh,jo_interest_learners,57078.26,996455,34491,3290,305,109,14,45251.0,843.07
2026-05-10,josh,jo_interest_learners,58630.83,820680,25254,2476,294,60,10,28028.0,659.86
2026-05-11,josh,jo_interest_learners,48051.87,777690,23687,2647,251,78,14,37424.0,813.46
2026-05-12,josh,jo_interest_learners,52448.15,880607,25268,2546,229,73,10,31135.0,1237.05
2026-05-13,josh,jo_interest_learners,53500.45,888731,26785,2807,260,49,4,17721.0,510.44
2026-05-14,josh,jo_interest_learners,56771.34,1143854,31292,3173,279,69,15,36489.0,879.2
2026-05-15,josh,jo_interest_learners,52341.03,957073,30063,3134,257,69,11,31445.0,436.97
2026-05-16,josh,jo_interest_learners,67830.88,1054403,33842,3125,401,53,9,25249.0,549.9
2026-05-17,josh,jo_interest_learners,49404.15,817920,27364,2968,352,96,13,40858.0,1379.06
2026-05-18,josh,jo_interest_learners,50228.69,874382,24945,2490,233,94,12,38872.0,640.19
2026-05-19,josh,jo_interest_learners,44462.48,777759,24049,2641,202,52,8,23352.0,581.6
2026-05-20,josh,jo_interest_learners,59736.35,997427,32312,3632,312,48,6,20076.0,672.82
2026-05-21,josh,jo_interest_learners,48581.92,830456,25102,2834,207,67,12,32097.0,1121.26
2026-05-22,josh,jo_interest_learners,48284.76,795316,23738,2632,236,52,5,19670.0,614.35
2026-05-23,josh,jo_interest_learners,58047.74,892342,29518,3109,293,65,14,34271.0,1039.81
2026-05-24,josh,jo_interest_learners,56712.7,868099,28553,2731,311,65,12,31807.0,406.66
2026-05-25,josh,jo_interest_learners,45421.61,829261,24092,2714,252,79,18,42675.0,812.41
2026-05-26,josh,jo_interest_learners,55574.4,890227,30561,3215,304,61,8,25797.0,942.28
2026-05-27,josh,jo_interest_learners,44934.95,679237,20195,2201,169,75,12,34013.0,459.79
2026-05-28,josh,jo_interest_learners,49957.46,876619,26974,2678,274,26,3,10772.0,197.92
2026-05-29,josh,jo_interest_learners,57085.33,1046309,30373,3260,281,61,8,25751.0,342.98
2026-05-30,josh,jo_interest_learners,47276.26,727077,20446,2362,247,51,9,24443.0,372.95
2026-05-31,josh,jo_interest_learners,61467.44,1041961,33637,3741,351,63,5,22639.0,852.89
2026-06-01,josh,jo_interest_learners,51775.66,918748,26771,2844,249,85,11,35413.0,770.55
2026-06-02,josh,jo_interest_learners,52795.9,1032715,29616,3079,263,51,6,20725.0,583.39
2026-06-03,josh,jo_interest_learners,45759.89,693266,21003,2071,213,57,8,24619.0,783.09
2026-06-04,josh,jo_interest_learners,47477.9,741631,22429,2302,198,48,11,26098.0,347.1
2026-06-05,josh,jo_interest_learners,49814.2,848307,27701,3078,292,46,8,22038.0,859.83
2026-06-06,josh,jo_interest_learners,56041.86,939202,29208,2699,16,4,0,1028.0,33.57
2026-06-07,josh,jo_interest_learners,56107.87,897428,26536,2677,19,4,0,1034.0,45.67
2026-06-08,josh,jo_interest_learners,46251.87,803799,27217,2603,14,2,1,1776.0,80.61
2026-06-09,josh,jo_interest_learners,61490.59,1060297,37355,3542,16,2,0,530.0,30.37
2026-06-10,josh,jo_interest_learners,50719.06,824519,24023,2628,14,4,1,2274.0,54.89
2026-06-11,josh,jo_interest_learners,47435.29,753183,26387,2560,12,3,0,771.0,46.26
2026-06-12,josh,jo_interest_learners,63406.0,1084456,31412,3169,19,4,1,2284.0,49.01
2026-06-13,josh,jo_interest_learners,39360.1,726212,19612,2231,258,58,8,24958.0,487.89
2026-06-14,josh,jo_interest_learners,53891.4,839825,23078,2565,253,52,7,22204.0,620.8
2026-06-15,josh,jo_interest_learners,61728.34,958813,28566,3053,229,56,6,21902.0,715.9
2026-06-16,josh,jo_interest_learners,49823.91,955556,30121,3097,253,62,10,28444.0,1062.89
2026-06-17,josh,jo_interest_learners,44617.83,839803,26766,2758,242,69,2,20165.0,579.36
2026-06-18,josh,jo_interest_learners,53277.67,882440,29169,2963,242,61,13,31923.0,834.95
2026-06-19,josh,jo_interest_learners,47331.69,843295,26236,2524,197,63,12,31081.0,770.37
2026-06-20,josh,jo_interest_learners,60052.86,865670,29436,3148,348,45,11,25651.0,523.62
2026-06-21,josh,jo_interest_learners,74505.7,1083344,34320,3318,315,86,9,33294.0,1278.4
2026-06-22,josh,jo_interest_learners,57707.13,1044855,35280,4051,372,95,18,46899.0,915.14
2026-06-23,josh,jo_interest_learners,43372.33,741986,24119,2423,212,89,10,35085.0,1106.49
2026-06-24,josh,jo_interest_learners,52880.93,979609,30142,3256,296,56,9,25786.0,408.0
2026-06-25,josh,jo_interest_learners,45440.73,818272,24999,2641,200,84,12,36316.0,1036.64
2026-06-26,josh,jo_interest_learners,51336.09,1026802,29332,3162,297,48,5,18796.0,702.88
2026-06-27,josh,jo_interest_learners,56464.35,665752,22506,2444,252,51,6,20703.0,344.2
2026-06-28,josh,jo_interest_learners,58331.28,839389,26823,2709,252,64,10,28940.0,1023.93
2026-06-29,josh,jo_interest_learners,52768.1,845249,27396,2915,225,64,8,26386.0,813.98
2026-06-30,josh,jo_interest_learners,43099.06,700024,19981,2149,215,55,9,25375.0,977.39
2026-07-01,josh,jo_interest_learners,63384.8,1256338,38123,3862,296,50,9,24292.0,698.5
2026-07-02,josh,jo_interest_learners,50533.93,976665,31719,3432,373,76,5,25920.0,450.25
2026-07-03,josh,jo_interest_learners,65981.59,1246168,35738,3601,290,97,13,40983.0,943.55
2026-07-04,josh,jo_interest_learners,73217.4,1381321,47417,5039,488,65,7,25911.0,802.74
2026-07-05,josh,jo_interest_learners,63059.24,915885,28642,2847,267,104,6,33930.0,1205.29
2026-07-06,josh,jo_interest_learners,55213.01,975587,27863,2896,277,58,10,27496.0,409.58
2026-07-07,josh,jo_interest_learners,66429.15,1221533,34273,3540,272,68,10,29976.0,734.87
2026-07-08,josh,jo_interest_learners,54977.77,929052,29535,2875,257,61,10,28203.0,1120.74
2026-07-09,josh,jo_interest_learners,61147.12,1135085,39808,4081,319,49,3,16589.0,257.96
2026-07-10,josh,jo_interest_learners,49504.8,916777,27983,3005,236,77,16,39645.0,569.68
2026-07-11,josh,jo_interest_learners,60806.3,996873,32814,3255,313,64,11,30312.0,798.31
2026-07-12,josh,jo_interest_learners,61867.94,904407,31392,3126,343,77,12,34859.0,610.84
2026-07-13,josh,jo_interest_learners,51606.36,877240,27987,2941,213,98,7,33578.0,983.54
2026-07-14,josh,jo_interest_learners,51664.11,901359,29383,3324,303,50,10,25556.0,371.48
2026-07-15,josh,jo_interest_learners,47467.03,774286,22532,2418,215,77,12,34603.0,449.42
2026-07-16,josh,jo_interest_learners,55217.63,967657,27611,2726,225,55,7,22895.0,644.03
2026-07-17,josh,jo_interest_learners,52060.6,977478,28678,2804,287,67,9,28507.0,1094.97
2026-07-18,josh,jo_interest_learners,53542.83,689483,22616,2522,280,60,9,26750.0,763.01
2026-07-19,josh,jo_interest_learners,59109.93,914395,24607,2802,312,59,8,25315.0,417.23
2026-07-20,josh,jo_interest_learners,57888.53,1049063,32727,3568,334,79,13,36589.0,861.04
2026-07-21,josh,jo_interest_learners,52212.86,944502,28748,3108,273,70,7,26726.0,325.04
2026-07-22,josh,jo_interest_learners,57899.09,975257,29759,3044,245,64,11,30176.0,1201.05
2026-07-23,josh,jo_interest_learners,69985.6,1173753,35598,3476,254,50,5,19208.0,450.43
2026-07-24,josh,jo_interest_learners,63105.29,1153697,32812,3387,284,61,3,19507.0,355.32
2026-07-25,josh,jo_interest_learners,58595.98,963944,32220,3494,353,57,12,29899.0,871.44
2026-07-26,josh,jo_interest_learners,59517.24,938092,32162,3042,288,72,3,22254.0,522.14
2026-07-27,josh,jo_interest_learners,65920.3,1003035,30713,3294,319,68,13,33820.0,484.45
2026-07-28,josh,jo_interest_learners,48882.28,801231,25468,2807,231,80,13,36632.0,1345.41
2026-07-29,josh,jo_interest_learners,51090.01,915462,25696,2557,209,51,6,20617.0,503.45
2026-05-01,josh,jo_lookalike_5pct,38167.97,436564,13486,1541,154,49,11,26259.0,613.41
2026-05-02,josh,jo_lookalike_5pct,49784.82,678848,23691,2645,276,50,10,25502.0,780.02
2026-05-03,josh,jo_lookalike_5pct,44696.31,621500,20625,2103,235,81,12,35639.0,1016.28
2026-05-04,josh,jo_lookalike_5pct,35941.67,566894,16480,2045,207,61,12,30603.0,1082.45
2026-05-05,josh,jo_lookalike_5pct,35972.88,564784,18327,2315,218,56,17,35630.0,806.01
2026-05-06,josh,jo_lookalike_5pct,32717.94,569721,18062,1995,203,70,19,41586.0,1382.95
2026-05-07,josh,jo_lookalike_5pct,39804.24,569656,19274,2171,258,55,20,39211.0,948.68
2026-05-08,josh,jo_lookalike_5pct,37107.28,704275,23113,2466,252,83,21,47421.0,1352.9
2026-05-09,josh,jo_lookalike_5pct,42643.09,589843,24080,2767,329,78,20,45080.0,627.14
2026-05-10,josh,jo_lookalike_5pct,49357.29,700934,26628,2776,283,92,32,63474.0,1027.28
2026-05-11,josh,jo_lookalike_5pct,44541.7,678703,21406,2289,252,116,26,61888.0,1721.15
2026-05-12,josh,jo_lookalike_5pct,36846.94,609360,21111,2307,244,56,17,35682.0,1122.1
2026-05-13,josh,jo_lookalike_5pct,34793.72,561211,17781,1968,208,92,20,48324.0,1613.95
2026-05-14,josh,jo_lookalike_5pct,40688.2,646057,22948,2493,272,64,16,36480.0,800.19
2026-05-15,josh,jo_lookalike_5pct,45867.73,745932,24408,2493,220,97,20,49593.0,1767.02
2026-05-16,josh,jo_lookalike_5pct,47415.4,683691,24260,2569,323,62,15,34834.0,884.14
2026-05-17,josh,jo_lookalike_5pct,42023.98,695723,24835,2395,284,106,24,56962.0,999.33
2026-05-18,josh,jo_lookalike_5pct,43393.9,742180,23825,2555,280,107,31,65953.0,2247.64
2026-05-19,josh,jo_lookalike_5pct,41009.96,680309,24255,2579,213,90,28,57836.0,2221.66
2026-05-20,josh,jo_lookalike_5pct,38655.08,556654,19872,2231,186,72,17,39550.0,1136.65
2026-05-21,josh,jo_lookalike_5pct,44159.75,713238,25058,2576,247,66,15,35678.0,704.6
2026-05-22,josh,jo_lookalike_5pct,40123.5,612286,21511,2427,202,95,28,59059.0,1105.08
2026-05-23,josh,jo_lookalike_5pct,42038.38,627093,21408,2045,223,74,9,30122.0,850.3
2026-05-24,josh,jo_lookalike_5pct,41046.77,638101,19172,1959,240,75,16,39155.0,1504.39
2026-05-25,josh,jo_lookalike_5pct,48065.48,746220,27027,3181,312,64,17,37810.0,764.53
2026-05-26,josh,jo_lookalike_5pct,29834.26,514267,16283,1899,188,110,34,70266.0,1797.66
2026-05-27,josh,jo_lookalike_5pct,38671.67,579481,18530,2019,188,56,16,34320.0,791.81
2026-05-28,josh,jo_lookalike_5pct,42279.77,712227,24475,2922,297,71,21,44523.0,764.25
2026-05-29,josh,jo_lookalike_5pct,44833.16,790743,26604,2854,337,91,22,50833.0,1430.0
2026-05-30,josh,jo_lookalike_5pct,48965.23,721950,25981,2542,252,110,25,59144.0,2218.55
2026-05-31,josh,jo_lookalike_5pct,45792.02,615887,20281,2158,222,67,17,38377.0,1488.29
2026-06-01,josh,jo_lookalike_5pct,43226.09,603255,19416,2029,157,88,22,49726.0,911.03
2026-06-02,josh,jo_lookalike_5pct,41307.02,722832,22398,2470,215,48,12,27382.0,561.19
2026-06-03,josh,jo_lookalike_5pct,43102.13,738198,24486,2527,208,64,19,40102.0,498.48
2026-06-04,josh,jo_lookalike_5pct,46382.99,718515,23434,2408,201,76,21,45576.0,1562.02
2026-06-05,josh,jo_lookalike_5pct,44314.53,710709,21839,2626,254,48,12,27460.0,1020.5
2026-06-06,josh,jo_lookalike_5pct,58305.14,704877,25345,2702,22,5,0,1289.0,54.32
2026-06-07,josh,jo_lookalike_5pct,58215.67,944984,27869,2714,10,5,3,5015.0,153.84
2026-06-08,josh,jo_lookalike_5pct,46807.37,753436,23676,2531,11,5,1,2517.0,45.28
2026-06-09,josh,jo_lookalike_5pct,43206.53,666445,22787,2395,12,5,1,2519.0,59.78
2026-06-10,josh,jo_lookalike_5pct,40925.55,705362,26139,2490,15,5,0,1275.0,26.46
2026-06-11,josh,jo_lookalike_5pct,39037.3,532713,18168,1751,13,7,0,1769.0,45.82
2026-06-12,josh,jo_lookalike_5pct,33947.34,514541,16438,1877,8,3,0,763.0,38.01
2026-06-13,josh,jo_lookalike_5pct,57583.44,855176,27482,2565,333,60,14,33106.0,507.69
2026-06-14,josh,jo_lookalike_5pct,41338.93,552183,19872,2219,279,108,29,63700.0,1156.82
2026-06-15,josh,jo_lookalike_5pct,46516.48,769398,25657,2660,237,97,28,59627.0,1732.44
2026-06-16,josh,jo_lookalike_5pct,42507.77,738112,24922,2844,277,70,17,39234.0,759.84
2026-06-17,josh,jo_lookalike_5pct,41612.13,710219,26634,3063,330,100,29,61810.0,2142.5
2026-06-18,josh,jo_lookalike_5pct,53025.67,803961,25677,2717,267,91,24,53193.0,1987.53
2026-06-19,josh,jo_lookalike_5pct,48512.87,857926,33311,3616,308,68,19,41298.0,1236.3
2026-06-20,josh,jo_lookalike_5pct,45883.79,669420,20094,2356,266,90,29,59192.0,1737.8
2026-06-21,josh,jo_lookalike_5pct,49871.25,687190,25089,2804,363,88,20,47638.0,1292.15
2026-06-22,josh,jo_lookalike_5pct,54499.34,829136,26173,2813,241,118,26,62364.0,929.69
2026-06-23,josh,jo_lookalike_5pct,48466.87,766692,25672,2717,257,91,23,51923.0,1131.13
2026-06-24,josh,jo_lookalike_5pct,49346.56,845546,27106,3104,297,74,14,36520.0,903.79
2026-06-25,josh,jo_lookalike_5pct,39303.63,576515,19880,1982,220,111,26,60579.0,1590.41
2026-06-26,josh,jo_lookalike_5pct,46801.27,785493,29852,3389,304,79,26,52779.0,1245.65
2026-06-27,josh,jo_lookalike_5pct,49405.81,676712,20217,2177,251,95,22,51657.0,1178.36
2026-06-28,josh,jo_lookalike_5pct,55661.71,835361,29276,3072,357,89,13,39125.0,962.34
2026-06-29,josh,jo_lookalike_5pct,39880.7,636753,20211,2239,181,118,26,62244.0,2077.73
2026-06-30,josh,jo_lookalike_5pct,51569.69,820747,28678,3149,265,57,19,38473.0,587.15
2026-07-01,josh,jo_lookalike_5pct,47282.36,711400,24184,2582,226,86,18,44366.0,781.07
2026-07-02,josh,jo_lookalike_5pct,53235.51,767125,28831,2915,284,69,16,37749.0,512.95
2026-07-03,josh,jo_lookalike_5pct,51845.57,753755,28073,2871,263,83,27,54943.0,866.24
2026-07-04,josh,jo_lookalike_5pct,49841.02,781990,26932,2573,322,78,18,42566.0,1231.91
2026-07-05,josh,jo_lookalike_5pct,54834.27,773923,26563,2842,287,122,34,73452.0,2520.77
2026-07-06,josh,jo_lookalike_5pct,49819.17,808461,25808,2727,320,87,23,51053.0,1015.91
2026-07-07,josh,jo_lookalike_5pct,47482.92,579425,18568,2028,186,112,29,64510.0,1049.59
2026-07-08,josh,jo_lookalike_5pct,46617.92,705702,22636,2387,253,67,16,37189.0,979.9
2026-07-09,josh,jo_lookalike_5pct,41803.52,557392,18290,2053,187,99,20,50025.0,898.52
2026-07-10,josh,jo_lookalike_5pct,41733.45,616638,21179,2097,205,65,18,39095.0,921.01
2026-07-11,josh,jo_lookalike_5pct,54824.28,793592,27568,2850,325,70,21,44330.0,611.05
2026-07-12,josh,jo_lookalike_5pct,56384.83,667495,23583,2471,247,115,31,67879.0,2705.03
2026-07-13,josh,jo_lookalike_5pct,44527.0,796040,26587,2788,291,81,19,44501.0,833.17
2026-07-14,josh,jo_lookalike_5pct,44749.43,795733,25029,2762,272,101,19,49443.0,1475.47
2026-07-15,josh,jo_lookalike_5pct,56762.07,1023004,27428,2995,280,81,20,45729.0,1570.11
2026-07-16,josh,jo_lookalike_5pct,55163.35,912243,33546,3272,357,91,27,57123.0,1784.2
2026-07-17,josh,jo_lookalike_5pct,42416.94,693445,24597,2543,265,126,34,74404.0,1264.47
2026-07-18,josh,jo_lookalike_5pct,59908.5,892406,26906,2991,389,85,25,53193.0,1635.22
2026-07-19,josh,jo_lookalike_5pct,56493.9,806939,27806,2766,279,139,38,82669.0,1358.89
2026-07-20,josh,jo_lookalike_5pct,48952.76,811370,26142,2607,252,78,22,47426.0,1729.35
2026-07-21,josh,jo_lookalike_5pct,45781.33,743144,26783,2549,225,81,16,40619.0,1057.6
2026-07-22,josh,jo_lookalike_5pct,56037.92,988471,32418,3553,311,72,20,43550.0,827.3
2026-07-23,josh,jo_lookalike_5pct,45222.67,728309,22653,2521,245,97,30,62143.0,2225.97
2026-07-24,josh,jo_lookalike_5pct,42811.66,567366,19699,2338,198,72,15,37074.0,1311.06
2026-07-25,josh,jo_lookalike_5pct,59425.09,879975,33698,3182,326,71,24,48331.0,1393.98
2026-07-26,josh,jo_lookalike_5pct,75234.9,1031050,31040,2913,330,103,27,60057.0,1421.51
2026-07-27,josh,jo_lookalike_5pct,65477.69,1095827,37084,3655,272,103,19,49941.0,660.92
2026-07-28,josh,jo_lookalike_5pct,44014.36,706079,26285,2716,266,111,29,64421.0,2427.33
2026-07-29,josh,jo_lookalike_5pct,56084.97,813816,29537,3056,289,90,19,46738.0,1295.1
2026-05-01,josh,jo_retarget_signup,12313.22,131768,6024,852,121,52,15,31940.0,409.67
2026-05-02,josh,jo_retarget_signup,18157.68,175671,7414,886,110,62,20,40658.0,880.14
2026-05-03,josh,jo_retarget_signup,12935.69,115456,4846,634,103,35,10,21421.0,629.68
2026-05-04,josh,jo_retarget_signup,14117.65,139242,6673,804,113,50,16,32676.0,920.94
2026-05-05,josh,jo_retarget_signup,12835.43,131965,5881,782,105,48,14,29662.0,367.07
2026-05-06,josh,jo_retarget_signup,14684.48,135233,5641,735,129,47,14,29461.0,622.79
2026-05-07,josh,jo_retarget_signup,13460.2,149617,6353,867,120,54,14,31186.0,1126.56
2026-05-08,josh,jo_retarget_signup,10706.88,110399,5658,838,129,57,24,44451.0,1744.02
2026-05-09,josh,jo_retarget_signup,15097.09,140686,6101,729,91,42,10,23140.0,407.18
2026-05-10,josh,jo_retarget_signup,15971.36,155062,6584,809,95,36,10,21654.0,760.12
2026-05-11,josh,jo_retarget_signup,15294.33,168288,7853,978,141,41,15,29241.0,690.31
2026-05-12,josh,jo_retarget_signup,14428.82,150094,7040,843,128,60,26,47696.0,1890.16
2026-05-13,josh,jo_retarget_signup,10596.74,122371,5832,887,116,51,16,32931.0,412.04
2026-05-14,josh,jo_retarget_signup,14371.9,152527,6860,831,113,44,14,28682.0,895.9
2026-05-15,josh,jo_retarget_signup,13656.77,157011,6819,985,148,53,18,35993.0,1203.26
2026-05-16,josh,jo_retarget_signup,15318.05,176323,7633,913,161,71,23,46751.0,1263.73
2026-05-17,josh,jo_retarget_signup,15064.87,126982,5429,692,101,80,24,50122.0,1023.11
2026-05-18,josh,jo_retarget_signup,13321.44,138580,6634,845,139,48,23,40980.0,597.04
2026-05-19,josh,jo_retarget_signup,11265.82,123750,4705,609,97,63,28,50881.0,1924.25
2026-05-20,josh,jo_retarget_signup,11977.39,115582,4941,695,104,40,13,26418.0,901.31
2026-05-21,josh,jo_retarget_signup,12090.96,132925,6353,809,104,40,14,27668.0,1039.29
2026-05-22,josh,jo_retarget_signup,13162.89,135427,6164,848,144,51,19,36737.0,891.61
2026-05-23,josh,jo_retarget_signup,13082.56,109877,5072,592,73,54,18,36092.0,1236.81
2026-05-24,josh,jo_retarget_signup,16132.94,161653,6781,871,153,24,12,21282.0,378.49
2026-05-25,josh,jo_retarget_signup,11344.6,111098,5278,789,104,65,25,47643.0,1821.29
2026-05-26,josh,jo_retarget_signup,12194.99,129425,6186,856,151,45,11,25257.0,426.49
2026-05-27,josh,jo_retarget_signup,11295.87,121303,6231,863,121,58,21,40934.0,859.83
2026-05-28,josh,jo_retarget_signup,11653.41,136705,6418,851,129,50,25,43958.0,1096.39
2026-05-29,josh,jo_retarget_signup,10162.16,113213,5549,702,127,49,19,36205.0,471.38
2026-05-30,josh,jo_retarget_signup,15071.32,128376,6071,786,120,48,14,29692.0,877.01
2026-05-31,josh,jo_retarget_signup,14087.69,140599,7279,913,133,40,22,37726.0,1396.15
2026-06-01,josh,jo_retarget_signup,15920.19,186469,7832,991,131,52,24,43210.0,1632.27
2026-06-02,josh,jo_retarget_signup,13307.72,136143,6562,740,111,61,20,40411.0,1067.46
2026-06-03,josh,jo_retarget_signup,13375.48,127196,6318,873,117,50,17,33934.0,650.35
2026-06-04,josh,jo_retarget_signup,12039.68,132593,6095,867,148,53,17,34743.0,714.39
2026-06-05,josh,jo_retarget_signup,12499.89,131572,5300,669,94,68,25,48370.0,1832.23
2026-06-06,josh,jo_retarget_signup,17476.05,166822,8074,971,129,46,17,32962.0,1233.96
2026-06-07,josh,jo_retarget_signup,14215.1,120441,5032,661,92,54,23,42380.0,1282.54
2026-06-08,josh,jo_retarget_signup,14554.56,147924,6756,839,133,36,12,24230.0,679.23
2026-06-09,josh,jo_retarget_signup,14952.41,177712,8891,1137,172,60,23,44034.0,1032.3
2026-06-10,josh,jo_retarget_signup,15717.52,147885,7133,872,105,69,26,49891.0,1571.4
2026-06-11,josh,jo_retarget_signup,12866.49,150992,5827,733,103,34,14,26172.0,879.15
2026-06-12,josh,jo_retarget_signup,13743.74,116768,5449,747,114,43,16,30935.0,772.78
2026-06-13,josh,jo_retarget_signup,15532.18,142797,6865,837,127,39,18,32465.0,717.71
2026-06-14,josh,jo_retarget_signup,13360.53,129155,6086,782,117,51,23,41683.0,1121.19
2026-06-15,josh,jo_retarget_signup,13381.07,136268,5847,702,91,46,15,30386.0,1007.76
2026-06-16,josh,jo_retarget_signup,12763.93,134724,6448,779,108,35,13,25181.0,500.2
2026-06-17,josh,jo_retarget_signup,12933.98,135129,6595,800,120,46,10,24194.0,675.09
2026-06-18,josh,jo_retarget_signup,12206.57,149839,6125,814,111,51,20,37921.0,1416.98
2026-06-19,josh,jo_retarget_signup,13783.75,140981,6345,871,141,40,20,35242.0,1314.21
2026-06-20,josh,jo_retarget_signup,12454.88,113087,4927,628,97,55,24,43889.0,1398.88
2026-06-21,josh,jo_retarget_signup,18460.91,153664,6778,858,123,38,15,28458.0,823.72
2026-06-22,josh,jo_retarget_signup,13797.34,157470,7498,844,163,58,20,39768.0,773.6
2026-06-23,josh,jo_retarget_signup,12480.93,116515,5565,776,104,70,23,46388.0,838.38
2026-06-24,josh,jo_retarget_signup,13441.34,155282,6806,839,118,38,11,23448.0,739.88
2026-06-25,josh,jo_retarget_signup,12670.26,130238,6342,834,132,60,18,37704.0,1275.83
2026-06-26,josh,jo_retarget_signup,14405.5,149901,6533,787,107,69,22,44895.0,1095.0
2026-06-27,josh,jo_retarget_signup,16742.16,161287,6344,775,95,61,20,40379.0,612.82
2026-06-28,josh,jo_retarget_signup,17738.47,158023,6519,643,99,40,10,22658.0,779.8
2026-06-29,josh,jo_retarget_signup,15203.4,172154,8279,1090,163,44,14,28782.0,1089.06
2026-06-30,josh,jo_retarget_signup,11602.21,118228,5275,687,127,89,34,64915.0,1649.58
2026-07-01,josh,jo_retarget_signup,11435.43,131279,5901,958,132,43,16,30971.0,491.3
2026-07-02,josh,jo_retarget_signup,15129.39,177170,8512,1012,158,46,11,25520.0,398.46
2026-07-03,josh,jo_retarget_signup,13221.62,132633,5346,680,86,83,25,52089.0,1129.63
2026-07-04,josh,jo_retarget_signup,15565.66,148662,7114,985,152,32,12,23272.0,817.48
2026-07-05,josh,jo_retarget_signup,15846.17,161736,7631,883,127,83,32,60921.0,1644.38
2026-07-06,josh,jo_retarget_signup,13677.68,129297,6458,797,117,47,17,33187.0,866.62
2026-07-07,josh,jo_retarget_signup,13919.32,154512,7135,906,147,54,15,32490.0,755.53
2026-07-08,josh,jo_retarget_signup,14153.34,150273,6767,927,128,74,32,58682.0,1787.59
2026-07-09,josh,jo_retarget_signup,13431.65,144714,6988,867,108,58,22,42158.0,633.03
2026-07-10,josh,jo_retarget_signup,13605.68,132742,6578,884,118,39,12,24947.0,339.56
2026-07-11,josh,jo_retarget_signup,14024.47,130026,6831,827,121,54,20,38688.0,917.77
2026-07-12,josh,jo_retarget_signup,14047.33,149957,7200,988,164,50,16,32778.0,1127.84
2026-07-13,josh,jo_retarget_signup,13913.58,142261,6608,829,137,50,11,26474.0,694.32
2026-07-14,josh,jo_retarget_signup,11550.58,127471,5945,842,111,55,21,40167.0,1177.9
2026-07-15,josh,jo_retarget_signup,10484.98,122492,4413,602,66,44,24,41088.0,1243.75
2026-07-16,josh,jo_retarget_signup,11842.74,130138,6794,932,120,30,12,22710.0,789.75
2026-07-17,josh,jo_retarget_signup,12373.1,130963,5599,735,94,48,13,28390.0,1007.23
2026-07-18,josh,jo_retarget_signup,15746.47,150180,6832,788,125,37,14,26963.0,862.35
2026-07-19,josh,jo_retarget_signup,15328.16,142033,6520,829,136,50,22,40222.0,1279.16
2026-07-20,josh,jo_retarget_signup,15558.75,156329,6740,753,108,50,15,31416.0,1202.48
2026-07-21,josh,jo_retarget_signup,14332.68,155334,7930,1036,125,43,17,32207.0,1062.83
2026-07-22,josh,jo_retarget_signup,13025.82,123850,5669,722,108,56,19,37910.0,987.37
2026-07-23,josh,jo_retarget_signup,11602.66,119372,5246,709,95,48,22,39642.0,554.79
2026-07-24,josh,jo_retarget_signup,15039.29,155129,7308,955,143,40,19,33996.0,518.57
2026-07-25,josh,jo_retarget_signup,14747.1,129198,6227,789,119,66,23,45422.0,827.69
2026-07-26,josh,jo_retarget_signup,15835.22,156404,7510,879,127,51,17,34203.0,1226.94
2026-07-27,josh,jo_retarget_signup,13021.01,122314,5149,619,88,53,17,34623.0,555.73
2026-07-28,josh,jo_retarget_signup,14316.91,155288,6208,792,112,41,11,24183.0,949.15
2026-07-29,josh,jo_retarget_signup,13786.98,150643,6847,879,128,55,20,38951.0,1212.78
2026-05-01,inmobi,im_cpi_optimised,48883.29,1210783,29362,4441,248,51,4,18195.0,341.9
2026-05-02,inmobi,im_cpi_optimised,58165.89,1437221,36120,5501,304,48,10,25060.0,720.63
2026-05-03,inmobi,im_cpi_optimised,82102.09,1672213,43311,5003,288,64,6,24012.0,825.63
2026-05-04,inmobi,im_cpi_optimised,64503.43,1597007,50572,6731,418,61,9,27275.0,702.13
2026-05-05,inmobi,im_cpi_optimised,50745.66,1422454,40111,5607,314,80,8,30548.0,900.3
2026-05-06,inmobi,im_cpi_optimised,59148.97,1318533,38414,5560,359,62,9,27406.0,806.76
2026-05-07,inmobi,im_cpi_optimised,74019.29,2157220,58100,8577,455,77,10,32583.0,590.13
2026-05-08,inmobi,im_cpi_optimised,54361.44,1366811,37881,5373,312,82,11,34792.0,1328.33
2026-05-09,inmobi,im_cpi_optimised,65102.77,1341448,38127,4505,201,51,6,20601.0,706.94
2026-05-10,inmobi,im_cpi_optimised,74630.8,1762579,44347,5970,343,39,5,16647.0,303.96
2026-05-11,inmobi,im_cpi_optimised,60410.26,1353290,34932,5209,327,52,8,23602.0,324.41
2026-05-12,inmobi,im_cpi_optimised,60341.89,1494982,37972,4814,268,74,9,30212.0,573.58
2026-05-13,inmobi,im_cpi_optimised,59301.86,1419699,39401,5280,347,54,6,21640.0,794.26
2026-05-14,inmobi,im_cpi_optimised,73533.76,1732095,45459,6195,398,78,14,37718.0,1043.62
2026-05-15,inmobi,im_cpi_optimised,73839.38,1493276,39186,5298,341,76,10,32106.0,578.11
2026-05-16,inmobi,im_cpi_optimised,80684.95,2054542,51849,6111,323,65,7,25581.0,450.54
2026-05-17,inmobi,im_cpi_optimised,89662.32,1816887,45974,6034,318,54,8,24082.0,931.2
2026-05-18,inmobi,im_cpi_optimised,77842.64,1929760,50688,6532,385,44,6,19226.0,601.3
2026-05-19,inmobi,im_cpi_optimised,69565.04,1952163,50351,5981,366,74,7,27908.0,767.56
2026-05-20,inmobi,im_cpi_optimised,69986.82,1589218,40426,5511,314,67,11,31061.0,911.58
2026-05-21,inmobi,im_cpi_optimised,79915.06,1992154,60828,8497,531,67,8,27745.0,538.75
2026-05-22,inmobi,im_cpi_optimised,148314.29,1757455,46150,6263,351,102,20,51100.0,1991.05
2026-05-23,inmobi,im_cpi_optimised,81221.4,1941907,54932,6674,394,63,16,36475.0,992.7
2026-05-24,inmobi,im_cpi_optimised,73196.14,1648249,45835,6415,440,79,15,39301.0,847.68
2026-05-25,inmobi,im_cpi_optimised,55471.78,1427550,39899,5625,340,89,9,34091.0,435.34
2026-05-26,inmobi,im_cpi_optimised,51044.78,1251689,31624,4548,264,65,9,27963.0,577.99
2026-05-27,inmobi,im_cpi_optimised,68523.23,1624430,41953,6019,382,41,8,20973.0,536.75
2026-05-28,inmobi,im_cpi_optimised,66898.3,1602099,41375,5623,323,65,6,24331.0,640.54
2026-05-29,inmobi,im_cpi_optimised,70889.64,1665396,39766,5628,329,70,16,38088.0,855.16
2026-05-30,inmobi,im_cpi_optimised,71544.39,1566619,39243,5103,304,54,10,26554.0,888.43
2026-05-31,inmobi,im_cpi_optimised,87651.49,1815096,43108,6218,331,56,4,19606.0,533.48
2026-06-01,inmobi,im_cpi_optimised,62840.63,1538319,41327,5836,328,58,4,20098.0,461.82
2026-06-02,inmobi,im_cpi_optimised,80386.71,2120060,54218,6028,394,58,13,31480.0,963.38
2026-06-03,inmobi,im_cpi_optimised,69375.59,1912619,55479,7807,483,80,10,33386.0,711.04
2026-06-04,inmobi,im_cpi_optimised,77505.52,1919119,52229,7247,419,102,9,37486.0,1096.24
2026-06-05,inmobi,im_cpi_optimised,66234.01,1511619,36583,5184,374,84,16,41664.0,1506.5
2026-06-06,inmobi,im_cpi_optimised,74123.35,1762648,51020,6981,396,67,4,22475.0,533.83
2026-06-07,inmobi,im_cpi_optimised,76012.11,1646921,46656,6149,395,73,6,26467.0,927.33
2026-06-08,inmobi,im_cpi_optimised,71248.89,1695091,50787,6792,366,89,13,39143.0,1045.69
2026-06-09,inmobi,im_cpi_optimised,77796.56,1755119,44715,5634,317,68,11,31316.0,413.68
2026-06-10,inmobi,im_cpi_optimised,69176.69,1723221,46101,7158,373,63,7,25183.0,791.72
2026-06-11,inmobi,im_cpi_optimised,61146.36,1370133,32398,4296,238,82,8,30894.0,746.22
2026-06-12,inmobi,im_cpi_optimised,68492.9,1691094,50956,6433,355,48,8,22662.0,804.7
2026-06-13,inmobi,im_cpi_optimised,74474.8,1795442,45570,5969,375,72,8,28678.0,500.15
2026-06-14,inmobi,im_cpi_optimised,97476.47,2288266,61976,7960,402,78,9,31476.0,643.34
2026-06-15,inmobi,im_cpi_optimised,67960.78,1929668,56589,8504,501,79,9,31923.0,535.9
2026-06-16,inmobi,im_cpi_optimised,69074.74,1754014,45950,6177,353,87,10,34869.0,1181.91
2026-06-17,inmobi,im_cpi_optimised,71574.92,1639617,39393,5786,398,67,6,24979.0,976.02
2026-06-18,inmobi,im_cpi_optimised,58531.9,1251337,31030,4091,249,77,10,32171.0,462.98
2026-06-19,inmobi,im_cpi_optimised,90780.0,2321910,64352,7989,471,40,7,19652.0,329.05
2026-06-20,inmobi,im_cpi_optimised,89429.15,1904303,53269,7429,448,105,15,45791.0,767.3
2026-06-21,inmobi,im_cpi_optimised,92567.04,2193765,62835,8785,392,98,9,36436.0,676.56
2026-06-22,inmobi,im_cpi_optimised,78629.24,1853721,55316,8087,453,81,9,32325.0,428.32
2026-06-23,inmobi,im_cpi_optimised,89246.31,2570465,79684,9056,504,83,7,30425.0,691.15
2026-06-24,inmobi,im_cpi_optimised,60335.35,1335053,34989,4566,250,90,12,37910.0,827.69
2026-06-25,inmobi,im_cpi_optimised,74727.66,1799153,45569,6089,339,47,9,23631.0,344.9
2026-06-26,inmobi,im_cpi_optimised,90066.81,2339880,65282,8499,494,65,9,28423.0,626.04
2026-06-27,inmobi,im_cpi_optimised,92309.37,2049577,56273,7333,371,71,9,29671.0,938.94
2026-06-28,inmobi,im_cpi_optimised,80469.65,1851330,46324,5931,330,78,5,26332.0,843.16
2026-06-29,inmobi,im_cpi_optimised,86011.99,1836656,47653,5780,348,68,7,26378.0,591.5
2026-06-30,inmobi,im_cpi_optimised,60890.33,1567873,46844,6437,430,70,10,30790.0,790.92
2026-07-01,inmobi,im_cpi_optimised,90756.16,2226190,58126,7763,535,106,13,43714.0,1525.98
2026-07-02,inmobi,im_cpi_optimised,68204.13,1436887,40120,5507,331,78,9,31334.0,942.89
2026-07-03,inmobi,im_cpi_optimised,72406.42,2001454,57641,7332,472,64,7,25630.0,373.11
2026-07-04,inmobi,im_cpi_optimised,93027.17,2039029,52347,6767,366,87,9,33645.0,506.25
2026-07-05,inmobi,im_cpi_optimised,78904.38,1605188,42068,5611,287,54,2,16520.0,390.41
2026-07-06,inmobi,im_cpi_optimised,83409.17,2253104,58391,8030,563,55,6,22321.0,483.37
2026-07-07,inmobi,im_cpi_optimised,82281.22,2209528,56892,7122,421,116,9,40976.0,1154.14
2026-07-08,inmobi,im_cpi_optimised,71018.5,1804115,51506,6715,422,52,11,27542.0,1054.16
2026-07-09,inmobi,im_cpi_optimised,75156.77,1916217,54256,7515,482,81,10,33633.0,877.81
2026-07-10,inmobi,im_cpi_optimised,80678.43,1986461,52613,7302,370,82,12,36158.0,865.9
2026-07-11,inmobi,im_cpi_optimised,96625.0,1918322,54072,6630,354,75,8,29383.0,503.95
2026-07-12,inmobi,im_cpi_optimised,100691.69,2234261,56726,6635,383,63,7,25203.0,543.14
2026-07-13,inmobi,im_cpi_optimised,67979.88,1694169,48878,7037,405,84,7,30476.0,532.98
2026-07-14,inmobi,im_cpi_optimised,73600.69,1948694,50751,7069,441,94,13,40538.0,1428.57
2026-07-15,inmobi,im_cpi_optimised,77777.06,1846480,49635,6077,414,80,15,39498.0,1018.62
2026-07-16,inmobi,im_cpi_optimised,102953.63,2642665,66894,7848,466,60,6,23372.0,814.37
2026-07-17,inmobi,im_cpi_optimised,99864.98,2291191,58280,6724,404,57,5,21251.0,635.94
2026-07-18,inmobi,im_cpi_optimised,96034.88,2026505,52994,6269,433,90,13,39526.0,1548.25
2026-07-19,inmobi,im_cpi_optimised,130128.43,2709856,65711,8283,426,69,11,31783.0,1251.96
2026-07-20,inmobi,im_cpi_optimised,76019.28,1739649,46082,6832,437,91,17,44783.0,742.46
2026-07-21,inmobi,im_cpi_optimised,98584.67,2665314,69107,9625,535,90,11,37230.0,746.35
2026-07-22,inmobi,im_cpi_optimised,74731.24,2099704,58395,8691,464,99,12,40579.0,1306.67
2026-07-23,inmobi,im_cpi_optimised,86237.94,2135026,68801,8511,481,87,18,45125.0,675.67
2026-07-24,inmobi,im_cpi_optimised,97448.82,2448666,67968,8477,421,81,12,36011.0,479.13
2026-07-25,inmobi,im_cpi_optimised,109260.45,2292977,59572,7610,438,75,12,34551.0,596.91
2026-07-26,inmobi,im_cpi_optimised,88105.56,1707650,47585,6915,385,74,10,31696.0,981.16
2026-07-27,inmobi,im_cpi_optimised,114058.59,3126648,82099,11613,572,72,11,32822.0,512.41
2026-07-28,inmobi,im_cpi_optimised,96007.42,2433329,66161,9702,557,120,19,54744.0,1861.48
2026-07-29,inmobi,im_cpi_optimised,106081.7,2973498,82230,10135,633,87,14,40429.0,1462.39
2026-05-01,inmobi,im_cpa_trial,39749.33,681090,18574,1783,332,33,1,10131.0,273.71
2026-05-02,inmobi,im_cpa_trial,50478.04,707624,22611,1979,381,33,2,11479.0,242.74
2026-05-03,inmobi,im_cpa_trial,38476.1,483844,16347,1620,330,33,0,8877.0,313.81
2026-05-04,inmobi,im_cpa_trial,47688.06,878594,25874,2404,444,39,0,10599.0,200.56
2026-05-05,inmobi,im_cpa_trial,42590.0,617284,18543,1800,392,33,4,14001.0,232.24
2026-05-06,inmobi,im_cpa_trial,44685.68,656752,17539,1701,347,34,3,12910.0,209.23
2026-05-07,inmobi,im_cpa_trial,41949.91,701078,19861,1930,455,31,2,11129.0,325.03
2026-05-08,inmobi,im_cpa_trial,43781.22,704798,19784,1783,361,45,5,18177.0,337.42
2026-05-09,inmobi,im_cpa_trial,58905.37,772252,23791,2154,430,41,1,12319.0,173.49
2026-05-10,inmobi,im_cpa_trial,53102.79,738969,22289,1751,336,40,2,13132.0,427.71
2026-05-11,inmobi,im_cpa_trial,46259.28,708938,20847,2033,468,41,1,12395.0,188.19
2026-05-12,inmobi,im_cpa_trial,40229.04,678129,20579,1875,362,51,5,19673.0,303.72
2026-05-13,inmobi,im_cpa_trial,46405.89,800016,24076,2301,415,48,3,16532.0,422.69
2026-05-14,inmobi,im_cpa_trial,45155.57,771605,23117,2294,384,34,3,12984.0,228.48
2026-05-15,inmobi,im_cpa_trial,48235.74,816445,22840,2192,468,37,4,15149.0,333.65
2026-05-16,inmobi,im_cpa_trial,57252.36,880126,26925,2256,475,56,9,26144.0,486.52
2026-05-17,inmobi,im_cpa_trial,59012.8,913680,26311,2440,423,45,2,14551.0,460.91
2026-05-18,inmobi,im_cpa_trial,55671.94,872660,25797,2434,468,44,7,20642.0,358.21
2026-05-19,inmobi,im_cpa_trial,40276.23,587762,17339,1603,338,56,5,20870.0,556.69
2026-05-20,inmobi,im_cpa_trial,49258.18,716226,23251,1988,353,25,2,9431.0,173.14
2026-05-21,inmobi,im_cpa_trial,47516.99,687053,18893,1582,303,43,1,12563.0,274.96
2026-05-22,inmobi,im_cpa_trial,50024.78,816633,23037,2217,466,18,4,10414.0,230.29
2026-05-23,inmobi,im_cpa_trial,49923.12,712570,20294,2095,391,46,3,15986.0,198.64
2026-05-24,inmobi,im_cpa_trial,49858.91,662186,19000,1774,316,59,3,19073.0,337.61
2026-05-25,inmobi,im_cpa_trial,67278.71,1242367,37897,3544,732,36,1,11678.0,256.55
2026-05-26,inmobi,im_cpa_trial,48600.85,672654,21075,1762,344,71,4,23367.0,333.1
2026-05-27,inmobi,im_cpa_trial,42776.54,610200,18780,1723,371,24,2,9218.0,186.31
2026-05-28,inmobi,im_cpa_trial,57173.28,888329,21331,1936,363,31,1,9695.0,236.05
2026-05-29,inmobi,im_cpa_trial,59643.67,1036637,33170,3203,629,31,1,10227.0,204.74
2026-05-30,inmobi,im_cpa_trial,63726.7,857969,28298,2351,473,64,4,21882.0,835.79
2026-05-31,inmobi,im_cpa_trial,46820.41,654727,18471,1595,327,57,2,17347.0,594.8
2026-06-01,inmobi,im_cpa_trial,52313.8,882333,24587,2330,449,23,1,7875.0,282.87
2026-06-02,inmobi,im_cpa_trial,53885.8,789072,22918,1950,423,45,3,15801.0,293.0
2026-06-03,inmobi,im_cpa_trial,52771.02,793370,23079,2210,465,38,1,11642.0,419.49
2026-06-04,inmobi,im_cpa_trial,51389.96,791448,21989,2121,445,56,8,24834.0,329.66
2026-06-05,inmobi,im_cpa_trial,58765.62,1012484,27473,2352,517,62,1,17722.0,548.64
2026-06-06,inmobi,im_cpa_trial,50620.17,672536,20895,1989,421,53,6,21539.0,608.87
2026-06-07,inmobi,im_cpa_trial,60093.56,863346,23158,2158,426,31,1,9821.0,344.01
2026-06-08,inmobi,im_cpa_trial,48539.5,841820,24348,2046,469,33,1,10405.0,385.96
2026-06-09,inmobi,im_cpa_trial,48750.51,778405,23256,2307,461,52,3,17620.0,596.3
2026-06-10,inmobi,im_cpa_trial,49838.8,761038,21492,2119,439,50,4,18328.0,668.37
2026-06-11,inmobi,im_cpa_trial,56097.02,878763,26764,2565,504,27,3,11481.0,393.77
2026-06-12,inmobi,im_cpa_trial,68619.55,1107044,34872,2787,549,58,6,23040.0,430.16
2026-06-13,inmobi,im_cpa_trial,64461.53,927380,26148,2623,483,73,7,27893.0,516.93
2026-06-14,inmobi,im_cpa_trial,54239.49,831821,21678,2164,462,42,1,12632.0,354.52
2026-06-15,inmobi,im_cpa_trial,49203.32,904004,24614,2235,478,50,3,17156.0,210.83
2026-06-16,inmobi,im_cpa_trial,46739.53,760257,26058,2607,623,58,4,20688.0,724.88
2026-06-17,inmobi,im_cpa_trial,41873.05,680403,18534,1765,369,82,5,27406.0,541.35
2026-06-18,inmobi,im_cpa_trial,51356.05,765057,18603,1697,332,35,2,11879.0,199.14
2026-06-19,inmobi,im_cpa_trial,48761.43,780033,22702,2102,430,24,1,8086.0,148.85
2026-06-20,inmobi,im_cpa_trial,72537.26,1010255,29132,2549,531,36,3,13776.0,264.83
2026-06-21,inmobi,im_cpa_trial,57431.4,806197,23822,2237,483,48,4,17918.0,368.21
2026-06-22,inmobi,im_cpa_trial,65714.51,1091427,35522,3436,671,55,2,17537.0,492.16
2026-06-23,inmobi,im_cpa_trial,54943.99,934682,28145,2564,531,63,0,16749.0,366.92
2026-06-24,inmobi,im_cpa_trial,50349.04,823548,25278,2399,467,48,2,15386.0,420.12
2026-06-25,inmobi,im_cpa_trial,56845.17,897101,25427,2399,462,34,3,13140.0,394.72
2026-06-26,inmobi,im_cpa_trial,43035.04,709619,20489,1930,402,46,1,13508.0,508.03
2026-06-27,inmobi,im_cpa_trial,58946.91,891105,25867,2509,495,36,2,12454.0,415.27
2026-06-28,inmobi,im_cpa_trial,42750.13,634459,17973,1591,304,44,2,14064.0,486.99
2026-06-29,inmobi,im_cpa_trial,47909.08,754408,21774,1977,389,26,1,8502.0,105.96
2026-06-30,inmobi,im_cpa_trial,56843.08,924606,27254,2537,548,38,2,13058.0,345.81
2026-07-01,inmobi,im_cpa_trial,49372.64,696464,20666,2028,361,43,3,15179.0,324.34
2026-07-02,inmobi,im_cpa_trial,51904.0,821491,26271,2498,485,36,2,12434.0,424.72
2026-07-03,inmobi,im_cpa_trial,48045.98,943392,25317,2420,526,47,3,16505.0,290.9
2026-07-04,inmobi,im_cpa_trial,49707.31,725666,23916,2368,418,49,1,14287.0,465.95
2026-07-05,inmobi,im_cpa_trial,54187.17,779576,23296,2036,480,38,3,14172.0,219.24
2026-07-06,inmobi,im_cpa_trial,51569.16,908672,25437,2559,549,44,2,14554.0,255.61
2026-07-07,inmobi,im_cpa_trial,56095.56,841167,26017,2416,441,54,5,20578.0,512.4
2026-07-08,inmobi,im_cpa_trial,37653.05,607500,17181,1713,403,43,3,15263.0,307.9
2026-07-09,inmobi,im_cpa_trial,63412.0,972888,29940,2816,551,48,0,13054.0,197.0
2026-07-10,inmobi,im_cpa_trial,52661.27,816780,22940,2045,386,59,9,26713.0,643.68
2026-07-11,inmobi,im_cpa_trial,68119.84,1018725,29184,2460,519,34,0,9504.0,233.01
2026-07-12,inmobi,im_cpa_trial,52207.18,805127,22633,2116,460,61,2,18609.0,560.39
2026-07-13,inmobi,im_cpa_trial,50282.04,889802,26482,2255,434,26,1,8592.0,108.5
2026-07-14,inmobi,im_cpa_trial,58106.6,1025436,32374,2967,621,33,2,11959.0,399.35
2026-07-15,inmobi,im_cpa_trial,53089.3,796400,22712,2059,377,74,3,22930.0,483.13
2026-07-16,inmobi,im_cpa_trial,57107.18,858377,25695,2333,495,34,0,9456.0,128.81
2026-07-17,inmobi,im_cpa_trial,66397.52,1074904,34201,2756,511,45,2,14727.0,345.19
2026-07-18,inmobi,im_cpa_trial,76911.32,1211129,35316,2994,542,60,2,18524.0,393.25
2026-07-19,inmobi,im_cpa_trial,68432.57,1174963,35392,2950,530,48,3,16762.0,432.39
2026-07-20,inmobi,im_cpa_trial,65412.65,1153808,32185,2653,455,57,2,17603.0,360.55
2026-07-21,inmobi,im_cpa_trial,53715.95,948022,31176,3147,637,40,5,17484.0,305.44
2026-07-22,inmobi,im_cpa_trial,60544.95,1009192,31572,2860,504,59,2,18199.0,234.58
2026-07-23,inmobi,im_cpa_trial,40993.97,686359,18328,1676,375,54,4,19196.0,419.26
2026-07-24,inmobi,im_cpa_trial,62017.43,999534,27556,2436,543,36,0,10050.0,134.73
2026-07-25,inmobi,im_cpa_trial,70923.04,1043117,32117,2955,637,56,4,20218.0,290.66
2026-07-26,inmobi,im_cpa_trial,65533.25,1116895,29495,2848,511,62,0,16460.0,515.26
2026-07-27,inmobi,im_cpa_trial,78472.11,1366564,43642,3783,752,57,5,21947.0,606.62
2026-07-28,inmobi,im_cpa_trial,56749.55,981593,32972,2959,505,82,3,25178.0,607.73
2026-07-29,inmobi,im_cpa_trial,46659.2,799147,27780,2644,597,59,6,23385.0,743.75
2026-05-01,glance,gl_lockscreen_story,26498.79,1174911,23351,3152,145,28,4,12262.0,395.34
2026-05-02,glance,gl_lockscreen_story,43089.15,1589232,26196,3436,189,43,4,16085.0,489.9
2026-05-03,glance,gl_lockscreen_story,41687.11,1880470,33278,4539,224,39,9,21409.0,809.96
2026-05-04,glance,gl_lockscreen_story,28856.42,1305063,23930,3397,196,49,5,18843.0,481.51
2026-05-05,glance,gl_lockscreen_story,28368.79,1271086,25401,3568,233,48,5,18668.0,671.95
2026-05-06,glance,gl_lockscreen_story,29811.86,1446928,28296,3558,191,42,5,17090.0,482.02
2026-05-07,glance,gl_lockscreen_story,26759.39,1265726,22081,3406,175,52,9,24548.0,879.74
2026-05-08,glance,gl_lockscreen_story,36222.02,1707112,35177,5382,286,45,5,18027.0,625.55
2026-05-09,glance,gl_lockscreen_story,42377.94,1662305,32366,4893,233,48,2,14918.0,448.42
2026-05-10,glance,gl_lockscreen_story,34986.24,1431633,25252,3389,190,46,3,15584.0,517.64
2026-05-11,glance,gl_lockscreen_story,32886.98,1573183,30306,4024,232,36,6,16928.0,507.93
2026-05-12,glance,gl_lockscreen_story,40177.73,1992968,43853,5939,245,50,6,20440.0,695.32
2026-05-13,glance,gl_lockscreen_story,32868.24,1427407,27632,3803,183,51,4,18065.0,320.61
2026-05-14,glance,gl_lockscreen_story,35425.0,1687728,31998,4301,200,37,2,12113.0,220.52
2026-05-15,glance,gl_lockscreen_story,34018.57,1545808,31318,4627,213,47,4,17129.0,565.96
2026-05-16,glance,gl_lockscreen_story,28806.78,1039919,19826,2826,143,66,6,24220.0,823.26
2026-05-17,glance,gl_lockscreen_story,34874.39,1311075,25550,3418,187,31,2,10593.0,137.44
2026-05-18,glance,gl_lockscreen_story,32377.37,1521610,30716,4266,212,54,8,23870.0,612.77
2026-05-19,glance,gl_lockscreen_story,30058.05,1548915,28770,3863,249,51,6,20697.0,677.54
2026-05-20,glance,gl_lockscreen_story,34266.75,1467756,29894,4393,277,60,5,21744.0,271.21
2026-05-21,glance,gl_lockscreen_story,29514.19,1270556,21808,2989,167,56,4,19278.0,691.12
2026-05-22,glance,gl_lockscreen_story,36297.92,1736523,28327,4056,187,44,5,17580.0,679.04
2026-05-23,glance,gl_lockscreen_story,35883.11,1589406,32174,4764,270,39,4,15251.0,359.94
2026-05-24,glance,gl_lockscreen_story,28462.15,1209678,23255,3476,199,60,7,24088.0,310.8
2026-05-25,glance,gl_lockscreen_story,32170.6,1419863,31391,4396,248,53,3,17443.0,580.78
2026-05-26,glance,gl_lockscreen_story,34814.28,1623883,28898,3924,216,60,11,29122.0,813.78
2026-05-27,glance,gl_lockscreen_story,35678.04,1545707,27903,3690,203,56,1,15600.0,307.67
2026-05-28,glance,gl_lockscreen_story,26741.36,1087216,22242,3115,184,43,4,16075.0,505.69
2026-05-29,glance,gl_lockscreen_story,31806.09,1518973,29049,4412,232,38,9,21176.0,713.91
2026-05-30,glance,gl_lockscreen_story,27343.61,1135644,22554,3323,185,54,8,23816.0,493.23
2026-05-31,glance,gl_lockscreen_story,33067.19,1414367,24482,3531,223,37,6,17159.0,592.81
2026-06-01,glance,gl_lockscreen_story,31704.53,1288951,25001,3258,176,51,2,15551.0,536.41
2026-06-02,glance,gl_lockscreen_story,25910.69,1180129,22945,3180,154,45,5,17763.0,354.7
2026-06-03,glance,gl_lockscreen_story,25373.66,1157488,23875,3756,225,34,4,13916.0,182.85
2026-06-04,glance,gl_lockscreen_story,28777.96,1267823,24719,3566,206,57,10,27105.0,1024.54
2026-06-05,glance,gl_lockscreen_story,27181.15,1299625,22954,3465,194,52,9,24586.0,341.41
2026-06-06,glance,gl_lockscreen_story,32221.25,1299751,24227,3261,168,34,2,11302.0,306.0
2026-06-07,glance,gl_lockscreen_story,25243.85,1038490,21006,2907,240,44,3,15186.0,256.35
2026-06-08,glance,gl_lockscreen_story,30142.5,1284463,27172,4132,203,42,5,17114.0,253.07
2026-06-09,glance,gl_lockscreen_story,28388.41,1300517,25080,3576,216,40,3,14142.0,420.8
2026-06-10,glance,gl_lockscreen_story,28482.59,1323883,23991,3270,165,53,5,19777.0,432.21
2026-06-11,glance,gl_lockscreen_story,26006.69,1165289,21858,3236,190,40,4,15340.0,396.22
2026-06-12,glance,gl_lockscreen_story,30008.61,1363094,29151,3978,240,43,5,17437.0,600.93
2026-06-13,glance,gl_lockscreen_story,29927.73,1077158,21490,3268,219,59,9,26379.0,516.38
2026-06-14,glance,gl_lockscreen_story,33357.53,1308380,26867,3518,219,61,6,23127.0,531.66
2026-06-15,glance,gl_lockscreen_story,26726.91,1214302,21190,3089,182,50,7,21564.0,730.6
2026-06-16,glance,gl_lockscreen_story,27934.03,1194584,26616,3502,181,39,5,16323.0,386.72
2026-06-17,glance,gl_lockscreen_story,28209.01,1355856,25876,3677,197,34,6,16360.0,647.84
2026-06-18,glance,gl_lockscreen_story,28085.97,1257315,24061,3336,188,49,6,20077.0,739.67
2026-06-19,glance,gl_lockscreen_story,24829.35,999300,17208,2442,133,49,6,19967.0,349.14
2026-06-20,glance,gl_lockscreen_story,34552.38,1404300,25254,3594,207,27,2,9637.0,261.91
2026-06-21,glance,gl_lockscreen_story,32009.78,1125250,21410,2913,211,60,14,32862.0,907.0
2026-06-22,glance,gl_lockscreen_story,28549.9,1230743,21806,2967,144,53,6,20985.0,808.11
2026-06-23,glance,gl_lockscreen_story,22314.63,1080489,22576,3610,169,31,4,13057.0,449.24
2026-06-24,glance,gl_lockscreen_story,26892.96,1360165,25517,3935,215,36,6,16894.0,205.87
2026-06-25,glance,gl_lockscreen_story,29664.72,1146985,21146,2857,152,55,6,21499.0,428.78
2026-06-26,glance,gl_lockscreen_story,25665.93,1183607,22655,3368,151,40,5,16512.0,630.28
2026-06-27,glance,gl_lockscreen_story,34959.76,1639699,31243,5014,303,42,7,19814.0,418.52
2026-06-28,glance,gl_lockscreen_story,30259.91,1324178,23932,3394,212,77,7,28347.0,1131.86
2026-06-29,glance,gl_lockscreen_story,25731.57,1231907,23753,3337,203,55,6,21601.0,426.61
2026-06-30,glance,gl_lockscreen_story,26295.93,1176094,20851,3054,164,41,5,16787.0,410.08
2026-07-01,glance,gl_lockscreen_story,27806.79,1355179,29197,3918,211,50,3,16622.0,360.31
2026-07-02,glance,gl_lockscreen_story,30148.81,1371938,25380,3785,199,47,5,18351.0,333.93
2026-07-03,glance,gl_lockscreen_story,31513.45,1348313,28306,4073,220,44,2,13896.0,216.22
2026-07-04,glance,gl_lockscreen_story,23592.18,1044489,20502,3354,225,53,7,22397.0,292.6
2026-07-05,glance,gl_lockscreen_story,29492.89,1174538,22286,3396,223,58,5,21138.0,582.22
2026-07-06,glance,gl_lockscreen_story,30160.47,1362123,24342,3177,186,48,1,13574.0,474.2
2026-07-07,glance,gl_lockscreen_story,24149.68,1081817,23525,3273,203,38,3,13618.0,192.87
2026-07-08,glance,gl_lockscreen_story,24913.56,945337,16237,2586,186,53,7,22319.0,295.89
2026-07-09,glance,gl_lockscreen_story,24252.5,1094438,20995,3129,208,41,3,14375.0,364.22
2026-07-10,glance,gl_lockscreen_story,23678.81,1055073,19408,2658,169,49,4,17539.0,685.92
2026-07-11,glance,gl_lockscreen_story,32568.96,1179383,22335,3034,221,29,3,11413.0,158.81
2026-07-12,glance,gl_lockscreen_story,32083.0,1349876,26320,3680,300,42,5,17308.0,549.47
2026-07-13,glance,gl_lockscreen_story,29585.22,1515623,27553,3695,182,77,9,30787.0,462.85
2026-07-14,glance,gl_lockscreen_story,23327.65,957763,18416,2548,135,51,8,22969.0,653.18
2026-07-15,glance,gl_lockscreen_story,26938.47,1238411,25194,3699,182,38,4,17494.68,387.67
2026-07-16,glance,gl_lockscreen_story,23462.76,1163011,20978,3426,193,38,4,17520.64,309.81
2026-07-17,glance,gl_lockscreen_story,26056.48,1112744,24006,3758,229,38,6,20555.6,242.37
2026-07-18,glance,gl_lockscreen_story,31041.66,1321039,24993,3466,212,43,6,21984.58,231.23
2026-07-19,glance,gl_lockscreen_story,28673.84,1246852,22569,3537,203,50,4,21070.08,440.61
2026-07-20,glance,gl_lockscreen_story,20977.67,900010,17585,2623,159,47,6,23034.78,421.03
2026-07-21,glance,gl_lockscreen_story,25702.55,1237525,25479,3752,184,43,5,20443.5,413.29
2026-07-22,glance,gl_lockscreen_story,28524.21,1307136,23750,3586,200,49,5,18851.0,397.77
2026-07-23,glance,gl_lockscreen_story,25352.8,1113348,22144,3197,193,49,3,16337.0,500.21
2026-07-24,glance,gl_lockscreen_story,22845.11,994168,18180,2794,174,51,4,18047.0,268.86
2026-07-25,glance,gl_lockscreen_story,27533.02,1164072,23571,3847,241,38,4,14944.0,561.42
2026-07-26,glance,gl_lockscreen_story,31529.74,1483991,26706,3644,229,60,6,22898.0,586.94
2026-07-27,glance,gl_lockscreen_story,30885.51,1269907,23184,3460,219,52,6,20886.0,374.33
2026-07-28,glance,gl_lockscreen_story,22445.71,1001143,16119,2403,152,42,3,14512.0,299.26
2026-07-29,glance,gl_lockscreen_story,23051.13,971890,19389,2624,139,48,1,13480.0,313.75
