date,day_name,holiday_name,is_working_day
2026-01-01,Thursday,,True
2026-01-02,Friday,,True
2026-01-03,Saturday,,True
2026-01-04,Sunday,,False
2026-01-05,Monday,,True
2026-01-06,Tuesday,,True
2026-01-07,Wednesday,,True
2026-01-08,Thursday,,True
2026-01-09,Friday,,True
2026-01-10,Saturday,,False
2026-01-11,Sunday,,False
2026-01-12,Monday,,True
2026-01-13,Tuesday,,True
2026-01-14,Wednesday,,True
2026-01-15,Thursday,,True
2026-01-16,Friday,,True
2026-01-17,Saturday,,True
2026-01-18,Sunday,,False
2026-01-19,Monday,,True
2026-01-20,Tuesday,,True
2026-01-21,Wednesday,,True
2026-01-22,Thursday,,True
2026-01-23,Friday,,True
2026-01-24,Saturday,,False
2026-01-25,Sunday,,False
2026-01-26,Monday,Republic Day,False
2026-01-27,Tuesday,,True
2026-01-28,Wednesday,,True
2026-01-29,Thursday,,True
2026-01-30,Friday,,True
2026-01-31,Saturday,,True
2026-02-01,Sunday,,False
2026-02-02,Monday,,True
2026-02-03,Tuesday,,True
2026-02-04,Wednesday,,True
2026-02-05,Thursday,,True
2026-02-06,Friday,,True
2026-02-07,Saturday,,True
2026-02-08,Sunday,,False
2026-02-09,Monday,,True
2026-02-10,Tuesday,,True
2026-02-11,Wednesday,,True
2026-02-12,Thursday,,True
2026-02-13,Friday,,True
2026-02-14,Saturday,,False
2026-02-15,Sunday,,False
2026-02-16,Monday,,True
2026-02-17,Tuesday,,True
2026-02-18,Wednesday,,True
2026-02-19,Thursday,,True
2026-02-20,Friday,,True
2026-02-21,Saturday,,True
2026-02-22,Sunday,,False
2026-02-23,Monday,,True
2026-02-24,Tuesday,,True
2026-02-25,Wednesday,,True
2026-02-26,Thursday,,True
2026-02-27,Friday,,True
2026-02-28,Saturday,,False
2026-03-01,Sunday,,False
2026-03-02,Monday,,True
2026-03-03,Tuesday,,True
2026-03-04,Wednesday,Holi,False
2026-03-05,Thursday,,True
2026-03-06,Friday,,True
2026-03-07,Saturday,,True
2026-03-08,Sunday,,False
2026-03-09,Monday,,True
2026-03-10,Tuesday,,True
2026-03-11,Wednesday,,True
2026-03-12,Thursday,,True
2026-03-13,Friday,,True
2026-03-14,Saturday,,False
2026-03-15,Sunday,,False
2026-03-16,Monday,,True
2026-03-17,Tuesday,,True
2026-03-18,Wednesday,,True
2026-03-19,Thursday,,True
2026-03-20,Friday,Id-ul-Fitr,False
2026-03-21,Saturday,,True
2026-03-22,Sunday,,False
2026-03-23,Monday,,True
2026-03-24,Tuesday,,True
2026-03-25,Wednesday,,True
2026-03-26,Thursday,,True
2026-03-27,Friday,,True
2026-03-28,Saturday,,False
2026-03-29,Sunday,,False
2026-03-30,Monday,,True
2026-03-31,Tuesday,,True
2026-04-01,Wednesday,,True
2026-04-02,Thursday,,True
2026-04-03,Friday,Good Friday,False
2026-04-04,Saturday,,True
2026-04-05,Sunday,,False
2026-04-06,Monday,,True
2026-04-07,Tuesday,,True
2026-04-08,Wednesday,,True
2026-04-09,Thursday,,True
2026-04-10,Friday,,True
2026-04-11,Saturday,,False
2026-04-12,Sunday,,False
2026-04-13,Monday,,True
2026-04-14,Tuesday,Ambedkar Jayanti,False
2026-04-15,Wednesday,,True
2026-04-16,Thursday,,True
2026-04-17,Friday,,True
2026-04-18,Saturday,,True
2026-04-19,Sunday,,False
2026-04-20,Monday,,True
2026-04-21,Tuesday,,True
2026-04-22,Wednesday,,True
2026-04-23,Thursday,,True
2026-04-24,Friday,,True
2026-04-25,Saturday,,False
2026-04-26,Sunday,,False
2026-04-27,Monday,,True
2026-04-28,Tuesday,,True
2026-04-29,Wednesday,,True
2026-04-30,Thursday,,True
2026-05-01,Friday,May Day,False
2026-05-02,Saturday,,True
2026-05-03,Sunday,,False
2026-05-04,Monday,,True
2026-05-05,Tuesday,,True
2026-05-06,Wednesday,,True
2026-05-07,Thursday,,True
2026-05-08,Friday,,True
2026-05-09,Saturday,,False
2026-05-10,Sunday,,False
2026-05-11,Monday,,True
2026-05-12,Tuesday,,True
2026-05-13,Wednesday,,True
2026-05-14,Thursday,,True
2026-05-15,Friday,,True
2026-05-16,Saturday,,True
2026-05-17,Sunday,,False
2026-05-18,Monday,,True
2026-05-19,Tuesday,,True
2026-05-20,Wednesday,,True
2026-05-21,Thursday,,True
2026-05-22,Friday,,True
2026-05-23,Saturday,,False
2026-05-24,Sunday,,False
2026-05-25,Monday,,True
2026-05-26,Tuesday,,True
2026-05-27,Wednesday,,True
2026-05-28,Thursday,,True
2026-05-29,Friday,,True
2026-05-30,Saturday,,True
2026-05-31,Sunday,,False
2026-06-01,Monday,,True
2026-06-02,Tuesday,,True
2026-06-03,Wednesday,,True
2026-06-04,Thursday,,True
2026-06-05,Friday,,True
2026-06-06,Saturday,,True
2026-06-07,Sunday,,False
2026-06-08,Monday,,True
2026-06-09,Tuesday,,True
2026-06-10,Wednesday,,True
2026-06-11,Thursday,,True
2026-06-12,Friday,,True
2026-06-13,Saturday,,False
2026-06-14,Sunday,,False
2026-06-15,Monday,,True
2026-06-16,Tuesday,,True
2026-06-17,Wednesday,,True
2026-06-18,Thursday,,True
2026-06-19,Friday,,True
2026-06-20,Saturday,,True
2026-06-21,Sunday,,False
2026-06-22,Monday,,True
2026-06-23,Tuesday,,True
2026-06-24,Wednesday,,True
2026-06-25,Thursday,,True
2026-06-26,Friday,,True
2026-06-27,Saturday,,False
2026-06-28,Sunday,,False
2026-06-29,Monday,,True
2026-06-30,Tuesday,,True
2026-07-01,Wednesday,,True
2026-07-02,Thursday,,True
2026-07-03,Friday,,True
2026-07-04,Saturday,,True
2026-07-05,Sunday,,False
2026-07-06,Monday,,True
2026-07-07,Tuesday,,True
2026-07-08,Wednesday,,True
2026-07-09,Thursday,,True
2026-07-10,Friday,,True
2026-07-11,Saturday,,False
2026-07-12,Sunday,,False
2026-07-13,Monday,,True
2026-07-14,Tuesday,,True
2026-07-15,Wednesday,,True
2026-07-16,Thursday,,True
2026-07-17,Friday,,True
2026-07-18,Saturday,,True
2026-07-19,Sunday,,False
2026-07-20,Monday,,True
2026-07-21,Tuesday,,True
2026-07-22,Wednesday,,True
2026-07-23,Thursday,,True
2026-07-24,Friday,,True
2026-07-25,Saturday,,False
2026-07-26,Sunday,,False
2026-07-27,Monday,,True
2026-07-28,Tuesday,,True
2026-07-29,Wednesday,,True
2026-07-30,Thursday,,True
2026-07-31,Friday,,True
2026-08-01,Saturday,,True
2026-08-02,Sunday,,False
2026-08-03,Monday,,True
2026-08-04,Tuesday,,True
2026-08-05,Wednesday,,True
2026-08-06,Thursday,,True
2026-08-07,Friday,,True
2026-08-08,Saturday,,False
2026-08-09,Sunday,,False
2026-08-10,Monday,,True
2026-08-11,Tuesday,,True
2026-08-12,Wednesday,,True
2026-08-13,Thursday,,True
2026-08-14,Friday,,True
2026-08-15,Saturday,Independence Day,False
2026-08-16,Sunday,,False
2026-08-17,Monday,,True
2026-08-18,Tuesday,,True
2026-08-19,Wednesday,,True
2026-08-20,Thursday,,True
2026-08-21,Friday,,True
2026-08-22,Saturday,,False
2026-08-23,Sunday,,False
2026-08-24,Monday,,True
2026-08-25,Tuesday,,True
2026-08-26,Wednesday,,True
2026-08-27,Thursday,,True
2026-08-28,Friday,,True
2026-08-29,Saturday,,True
2026-08-30,Sunday,,False
2026-08-31,Monday,,True
